"Reference","Value","DNP","Exclude from BOM","Footprint","Qty","LCSC"
"U1","XC6206P332MR","","","Package_TO_SOT_SMD:SOT-23-3","1","C5148692"
"ANT1","Molex_211624-0001","","","PersonalFootprint_Library:Molex_2116240001","1","C585744"
"A1","Arduino_Uno_R3_Shield","","","PCM_arduino-library:Arduino_Uno_R3_Shield","1","-"
"U2","LC76GPAMD","","","PersonalFootprint_Library:Quectel_LC76G","1","C20607017"
"TP9","I2C_SCL","","","TestPoint:TestPoint_Loop_D2.60mm_Drill1.6mm_Beaded","1","C5199805"
"TP8","I2C_SDA","","","TestPoint:TestPoint_Loop_D2.60mm_Drill1.6mm_Beaded","1","C5199805"
"TP7","VCC_GNSS","","","TestPoint:TestPoint_Loop_D2.60mm_Drill1.6mm_Beaded","1","C5199805"
"TP6","V_BCKP","","","TestPoint:TestPoint_Loop_D2.60mm_Drill1.6mm_Beaded","1","C5199805"
"TP5","1PPS","","","TestPoint:TestPoint_Loop_D2.60mm_Drill1.6mm_Beaded","1","C5199805"
"TP4","RXD","","","TestPoint:TestPoint_Loop_D2.60mm_Drill1.6mm_Beaded","1","C5199805"
"TP3","TXD","","","TestPoint:TestPoint_Loop_D2.60mm_Drill1.6mm_Beaded","1","C5199805"
"TP2","GND","","","TestPoint:TestPoint_Loop_D2.60mm_Drill1.6mm_Beaded","1","C5199805"
"TP1","RESET_N","","","TestPoint:TestPoint_Loop_D2.60mm_Drill1.6mm_Beaded","1","C5199805"
"R17,R18,R20","0","","","Resistor_SMD:R_0402_1005Metric_Pad0.72x0.64mm_HandSolder","3","C242160"
"R11,R13","2.2k","","","Resistor_SMD:R_0805_2012Metric_Pad1.20x1.40mm_HandSolder","2","C17520 "
"R5,R6","10k","","","Resistor_SMD:R_0805_2012Metric_Pad1.20x1.40mm_HandSolder","2","C17414 "
"R4,R7,R8,R9,R10,R12,R14,R15","0R","","","Resistor_SMD:R_0805_2012Metric_Pad1.20x1.40mm_HandSolder","8","C25275 "
"R3","51k","","","Resistor_SMD:R_0805_2012Metric_Pad1.20x1.40mm_HandSolder","1","C365321"
"R2","0R","DNP","","Resistor_SMD:R_0805_2012Metric_Pad1.20x1.40mm_HandSolder","1","-"
"R1","4.7k","","","Resistor_SMD:R_0805_2012Metric_Pad1.20x1.40mm_HandSolder","1","C17673 "
"Q3","BSS138","","","Package_TO_SOT_SMD:SOT-23","1","C431507 "
"Q2","SI2351DS-T1-GE3-VB","","","Package_TO_SOT_SMD:SOT-23-3","1","C5456591"
"Q1,Q4","BC847BT","","","Package_TO_SOT_SMD:SOT-523","2","C21714156 "
"D3","TVS","","","Diode_SMD:D_0402_1005Metric_Pad0.77x0.64mm_HandSolder","1","C3029033"
"D1,D2","TVS","","","Diode_SMD:D_SOD-123","2","C908214"
"C5,C9","33pF","","","Capacitor_SMD:C_0805_2012Metric_Pad1.18x1.45mm_HandSolder","2","C5186746"
"C4,C8","100nF","","","Capacitor_SMD:C_0805_2012Metric_Pad1.18x1.45mm_HandSolder","2","C1711"
"C2,C7","10uF","","","Capacitor_SMD:C_0805_2012Metric_Pad1.18x1.45mm_HandSolder","2","C1713"
"C1,C3,C6","1uF","","","Capacitor_SMD:C_0805_2012Metric_Pad1.18x1.45mm_HandSolder","3","C24123"
"BT1","Battery_Cell","DNP","","Connector_JST:JST_EH_B2B-EH-A_1x02_P2.50mm_Vertical","1","C158012"
